{
    "pools": [
      {
        "rolls": {
            "min": 2,
            "max": 3
        },
        "entries": [
          {
            "type": "minecraft:item",
            "name": "minecraft:axolotl_spawn_egg",
            "functions": [
              {
                "function": "minecraft:set_count",
                "count": {
                  "min": 2,
                  "max": 6
                }
              }
            ]
          },
          {
            "type": "minecraft:item",
            "name": "minecraft:cat_spawn_egg",
            "functions": [
              {
                "function": "minecraft:set_count",
                "count": {
                  "min": 2,
                  "max": 6
                }
              }
            ]
          },
          {
            "type": "minecraft:item",
            "name": "minecraft:skeleton_spawn_egg",
            "functions": [
              {
                "function": "minecraft:set_count",
                "count": {
                  "min": 4,
                  "max": 12
                }
              }
            ]
          },
          {
            "type": "minecraft:item",
            "name": "minecraft:silverfish_spawn_egg",
            "functions": [
              {
                "function": "minecraft:set_count",
                "count": {
                  "min": 8,
                  "max": 32
                }
              }
            ]
          },
          {
            "type": "minecraft:item",
            "name": "minecraft:bat_spawn_egg",
            "functions": [
              {
                "function": "minecraft:set_count",
                "count": {
                  "min": 48,
                  "max": 64
                }
              }
            ]
          },
          {
            "type": "minecraft:item",
            "name": "minecraft:zombie_spawn_egg",
            "functions": [
              {
                "function": "minecraft:set_count",
                "count": {
                  "min": 5,
                  "max": 12
                }
              }
            ]
          },
          {
            "type": "minecraft:item",
            "name": "minecraft:husk_spawn_egg",
            "functions": [
              {
                "function": "minecraft:set_count",
                "count": {
                  "min": 5,
                  "max": 12
                }
              }
            ]
          },
          {
            "type": "minecraft:item",
            "name": "minecraft:spider_spawn_egg",
            "functions": [
              {
                "function": "minecraft:set_count",
                "count": {
                  "min": 5,
                  "max": 12
                }
              }
            ]
          },
          {
            "type": "minecraft:item",
            "name": "minecraft:drowned_spawn_egg",
            "functions": [
              {
                "function": "minecraft:set_count",
                "count": {
                  "min": 5,
                  "max": 12
                }
              }
            ]
          },
          {
            "type": "minecraft:item",
            "name": "minecraft:horse_spawn_egg",
            "functions": [
              {
                "function": "minecraft:set_count",
                "count": {
                  "min": 1,
                  "max": 3
                }
              }
            ]
          },
          {
            "type": "minecraft:item",
            "name": "minecraft:zombie_horse_spawn_egg",
            "functions": [
              {
                "function": "minecraft:set_count",
                "count": {
                  "min": 1,
                  "max": 3
                }
              }
            ]
          },
          {
            "type": "minecraft:item",
            "name": "minecraft:skeleton_horse_spawn_egg",
            "functions": [
              {
                "function": "minecraft:set_count",
                "count": {
                  "min": 1,
                  "max": 3
                }
              }
            ]
          },
          {
            "type": "minecraft:item",
            "name": "minecraft:mooshroom_spawn_egg",
            "functions": [
              {
                "function": "minecraft:set_count",
                "count": {
                  "min": 2,
                  "max": 5
                }
              }
            ]
          },
          {
            "type": "minecraft:item",
            "name": "minecraft:cow_spawn_egg",
            "functions": [
              {
                "function": "minecraft:set_count",
                "count": {
                  "min": 5,
                  "max": 12
                }
              }
            ]
          },
          {
            "type": "minecraft:item",
            "name": "minecraft:pig_spawn_egg",
            "functions": [
              {
                "function": "minecraft:set_count",
                "count": {
                  "min": 5,
                  "max": 12
                }
              }
            ]
          },
          {
            "type": "minecraft:item",
            "name": "minecraft:sheep_spawn_egg",
            "functions": [
              {
                "function": "minecraft:set_count",
                "count": {
                  "min": 5,
                  "max": 12
                }
              }
            ]
          },
          {
            "type": "minecraft:item",
            "name": "minecraft:chicken_spawn_egg",
            "functions": [
              {
                "function": "minecraft:set_count",
                "count": {
                  "min": 6,
                  "max": 14
                }
              }
            ]
          },
          {
            "type": "minecraft:item",
            "name": "minecraft:magma_cube_spawn_egg",
            "functions": [
              {
                "function": "minecraft:set_count",
                "count": {
                  "min": 5,
                  "max": 9
                }
              }
            ]
          },
          {
            "type": "minecraft:item",
            "name": "minecraft:slime_spawn_egg",
            "functions": [
              {
                "function": "minecraft:set_count",
                "count": {
                  "min": 5,
                  "max": 9
                }
              }
            ]
          },
          {
            "type": "minecraft:item",
            "name": "minecraft:blaze_spawn_egg",
            "functions": [
              {
                "function": "minecraft:set_count",
                "count": {
                  "min": 2,
                  "max": 8
                }
              }
            ]
          },
          {
            "type": "minecraft:item",
            "name": "minecraft:cod_spawn_egg",
            "functions": [
              {
                "function": "minecraft:set_count",
                "count": {
                  "min": 6,
                  "max": 10
                }
              }
            ]
          },
          {
            "type": "minecraft:item",
            "name": "minecraft:salmon_spawn_egg",
            "functions": [
              {
                "function": "minecraft:set_count",
                "count": {
                  "min": 6,
                  "max": 10
                }
              }
            ]
          },
          {
            "type": "minecraft:item",
            "name": "minecraft:tropical_fish_spawn_egg",
            "functions": [
              {
                "function": "minecraft:set_count",
                "count": {
                  "min": 6,
                  "max": 10
                }
              }
            ]
          },
          {
            "type": "minecraft:item",
            "name": "minecraft:squid_spawn_egg",
            "functions": [
              {
                "function": "minecraft:set_count",
                "count": {
                  "min": 4,
                  "max": 8
                }
              }
            ]
          },
          {
            "type": "minecraft:item",
            "name": "minecraft:glow_squid_spawn_egg",
            "functions": [
              {
                "function": "minecraft:set_count",
                "count": {
                  "min": 4,
                  "max": 8
                }
              }
            ]
          },
          {
            "type": "minecraft:item",
            "name": "minecraft:endermite_spawn_egg",
            "functions": [
              {
                "function": "minecraft:set_count",
                "count": {
                  "min": 12,
                  "max": 32
                }
              }
            ]
          },
          {
            "type": "minecraft:item",
            "name": "minecraft:wolf_spawn_egg",
            "functions": [
              {
                "function": "minecraft:set_count",
                "count": {
                  "min": 2,
                  "max": 6
                }
              }
            ]
          },
          {
            "type": "minecraft:item",
            "name": "minecraft:enderman_spawn_egg",
            "functions": [
              {
                "function": "minecraft:set_count",
                "count": {
                  "min": 4,
                  "max": 8
                }
              }
            ]
          },
          {
            "type": "minecraft:item",
            "name": "minecraft:parrot_spawn_egg",
            "functions": [
              {
                "function": "minecraft:set_count",
                "count": {
                  "min": 2,
                  "max": 6
                }
              }
            ]
          },
          {
            "type": "minecraft:item",
            "name": "minecraft:rabbit_spawn_egg",
            "functions": [
              {
                "function": "minecraft:set_count",
                "count": {
                  "min": 4,
                  "max": 12
                }
              }
            ]
          },
          {
            "type": "minecraft:item",
            "name": "minecraft:fox_spawn_egg",
            "functions": [
              {
                "function": "minecraft:set_count",
                "count": {
                  "min": 2,
                  "max": 8
                }
              }
            ]
          },
          {
            "type": "minecraft:item",
            "name": "minecraft:evoker_spawn_egg",
            "functions": [
              {
                "function": "minecraft:set_count",
                "count": {
                  "min": 1,
                  "max": 2
                }
              }
            ]
          },
          {
            "type": "minecraft:item",
            "name": "minecraft:bee_spawn_egg",
            "functions": [
              {
                "function": "minecraft:set_count",
                "count": {
                  "min": 3,
                  "max": 8
                }
              }
            ]
          },
          {
            "type": "minecraft:item",
            "name": "minecraft:villager_spawn_egg",
            "functions": [
              {
                "function": "minecraft:set_count",
                "count": {
                  "min": 2,
                  "max": 4
                }
              }
            ]
          }
        ]
      }
    ]
}