{
    "pools": [
      {
        "rolls": {
            "min": 2,
            "max": 4
        },
        "entries": [
            {
                "type": "minecraft:loot_table",
                "name": "relics:moresweets"
            },
            {
                "type": "minecraft:item",
                "weight": 12,
                "name": "minecraft:dried_kelp",
                "functions": [
                {
                    "function": "minecraft:set_count",
                    "count": {
                    "min": 20,
                    "max": 40
                    }
                }
                ]
            },
            {
                "type": "minecraft:item",
                "weight": 12,
                "name": "minecraft:beetroot",
                "functions": [
                {
                    "function": "minecraft:set_count",
                    "count": {
                    "min": 14,
                    "max": 32
                    }
                }
                ]
            },
            {
                "type": "minecraft:item",
                "weight": 12,
                "name": "minecraft:sweet_berries",
                "functions": [
                {
                    "function": "minecraft:set_count",
                    "count": {
                    "min": 32,
                    "max": 48
                    }
                }
                ]
            },
            {
                "type": "minecraft:item",
                "weight": 12,
                "name": "minecraft:glow_berries",
                "functions": [
                {
                    "function": "minecraft:set_count",
                    "count": {
                    "min": 20,
                    "max": 40
                    }
                }
                ]
            },
            {
                "type": "minecraft:item",
                "weight": 12,
                "name": "minecraft:melon_slice",
                "functions": [
                {
                    "function": "minecraft:set_count",
                    "count": {
                    "min": 20,
                    "max": 40
                    }
                }
                ]
            },
            {
                "type": "minecraft:item",
                "weight": 12,
                "name": "minecraft:carrot",
                "functions": [
                {
                    "function": "minecraft:set_count",
                    "count": {
                    "min": 16,
                    "max": 36
                    }
                }
                ]
            },
            {
                "type": "minecraft:item",
                "weight": 12,
                "name": "minecraft:bread",
                "functions": [
                {
                    "function": "minecraft:set_count",
                    "count": {
                    "min": 10,
                    "max": 24
                    }
                }
                ]
            },
            {
                "type": "minecraft:item",
                "weight": 12,
                "name": "minecraft:baked_potato",
                "functions": [
                {
                    "function": "minecraft:set_count",
                    "count": {
                    "min": 10,
                    "max": 24
                    }
                }
                ]
            },
            {
                "type": "minecraft:item",
                "weight": 8,
                "name": "minecraft:apple",
                "functions": [
                {
                    "function": "minecraft:set_count",
                    "count": {
                    "min": 8,
                    "max": 32
                    }
                }
                ]
            },
            {
                "type": "minecraft:item",
                "weight": 10,
                "name": "minecraft:cooked_porkchop",
                "functions": [
                {
                    "function": "minecraft:set_count",
                    "count": {
                    "min": 10,
                    "max": 16
                    }
                }
                ]
            },
            {
                "type": "minecraft:item",
                "weight": 10,
                "name": "minecraft:cooked_beef",
                "functions": [
                {
                    "function": "minecraft:set_count",
                    "count": {
                    "min": 10,
                    "max": 16
                    }
                }
                ]
            },
            {
                "type": "minecraft:item",
                "weight": 10,
                "name": "minecraft:cooked_chicken",
                "functions": [
                {
                    "function": "minecraft:set_count",
                    "count": {
                    "min": 12,
                    "max": 20
                    }
                }
                ]
            },
            {
                "type": "minecraft:item",
                "weight": 10,
                "name": "minecraft:cooked_mutton",
                "functions": [
                {
                    "function": "minecraft:set_count",
                    "count": {
                    "min": 12,
                    "max": 20
                    }
                }
                ]
            },
            {
                "type": "minecraft:item",
                "weight": 12,
                "name": "minecraft:cooked_cod",
                "functions": [
                {
                    "function": "minecraft:set_count",
                    "count": {
                    "min": 10,
                    "max": 20
                    }
                }
                ]
            },
            {
                "type": "minecraft:item",
                "weight": 10,
                "name": "minecraft:cooked_salmon",
                "functions": [
                {
                    "function": "minecraft:set_count",
                    "count": {
                    "min": 9,
                    "max": 18
                    }
                }
                ]
            },
            {
                "type": "minecraft:item",
                "weight": 1,
                "name": "minecraft:enchanted_golden_apple",
                "functions": [
                {
                    "function": "minecraft:set_count",
                    "count": {
                    "min": 3,
                    "max": 6
                    }
                }
                ]
            },
            {
                "type": "minecraft:item",
                "weight": 3,
                "name": "minecraft:golden_apple",
                "functions": [
                {
                    "function": "minecraft:set_count",
                    "count": {
                    "min": 6,
                    "max": 12
                    }
                }
                ]
            }
        ]
      }
    ]
}