{
    "pools": [
      {
        "rolls": 1,
        "entries": [
          {
            "type": "minecraft:item",
            "name": "minecraft:chest",
            "functions": [
              {
                "function": "minecraft:set_name",
                "entity": "this",
                "name": "lootcrate?"
              },
              {
                "function": "minecraft:set_loot_table",
                "type": "minecraft:chest",
                "name": "relics:chests"
              }
            ]
          }
        ]
      }
    ]
  }
  