{
    "pools": [
      {
        "rolls": 1,
        "entries": [
            {
                "type": "minecraft:item",
                "name": "minecraft:cookie",
                "functions": [
                {
                    "function": "minecraft:set_count",
                    "count": {
                    "min": 24,
                    "max": 32
                    }
                }
                ]
            },
            {
                "type": "minecraft:item",
                "name": "minecraft:honey_bottle",
                "functions": [
                {
                    "function": "minecraft:set_count",
                    "count": {
                    "min": 10,
                    "max": 20
                    }
                }
                ]
            },
            {
                "type": "minecraft:item",
                "name": "minecraft:pumpkin_pie",
                "functions": [
                {
                    "function": "minecraft:set_count",
                    "count": {
                    "min": 8,
                    "max": 12
                    }
                }
                ]
            },
            {
                "type": "minecraft:item",
                "name": "minecraft:cake"
            },
            {
                "type": "minecraft:item",
                "name": "farmersdelight:honey_cookie",
                "functions": [
                {
                    "function": "minecraft:set_count",
                    "count": {
                    "min": 24,
                    "max": 32
                    }
                }
                ]
            },
            {
                "type": "minecraft:item",
                "name": "farmersdelight:sweet_berry_cookie",
                "functions": [
                {
                    "function": "minecraft:set_count",
                    "count": {
                    "min": 24,
                    "max": 32
                    }
                }
                ]
            },
            {
                "type": "minecraft:item",
                "name": "farmersdelight:melon_popsicle",
                "functions": [
                {
                    "function": "minecraft:set_count",
                    "count": {
                    "min": 14,
                    "max": 28
                    }
                }
                ]
            },
            {
                "type": "minecraft:item",
                "name": "farmersdelight:cake_slice",
                "functions": [
                {
                    "function": "minecraft:set_count",
                    "count": {
                    "min": 24,
                    "max": 32
                    }
                }
                ]
            },
            {
                "type": "minecraft:item",
                "name": "farmersdelight:chocolate_pie_slice",
                "functions": [
                {
                    "function": "minecraft:set_count",
                    "count": {
                    "min": 14,
                    "max": 28
                    }
                }
                ]
            },
            {
                "type": "minecraft:item",
                "name": "farmersdelight:sweet_berry_cheesecake_slice",
                "functions": [
                {
                    "function": "minecraft:set_count",
                    "count": {
                    "min": 14,
                    "max": 28
                    }
                }
                ]
            },
            {
                "type": "minecraft:item",
                "name": "farmersdelight:apple_pie_slice",
                "functions": [
                {
                    "function": "minecraft:set_count",
                    "count": {
                    "min": 14,
                    "max": 28
                    }
                }
                ]
            }
        ]
      }
    ]
}