{
    "pools": [
      {
        "rolls": 1,
        "entries": [
            {
                "type": "minecraft:loot_table",
                "name": "relics:moresweets"
            },
            {
                "type": "minecraft:item",
                "name": "minecraft:cookie",
                "functions": [
                {
                    "function": "minecraft:set_count",
                    "count": {
                    "min": 6,
                    "max": 10
                    }
                }
                ]
            },
            {
                "type": "minecraft:item",
                "name": "minecraft:honey_bottle",
                "functions": [
                {
                    "function": "minecraft:set_count",
                    "count": {
                    "min": 2,
                    "max": 4
                    }
                }
                ]
            },
            {
                "type": "minecraft:item",
                "name": "minecraft:pumpkin_pie",
                "functions": [
                {
                    "function": "minecraft:set_count",
                    "count": {
                    "min": 2,
                    "max": 4
                    }
                }
                ]
            },
            {
                "type": "minecraft:item",
                "name": "minecraft:cake"
            },
            {
                "type": "minecraft:item",
                "name": "farmersdelight:honey_cookie",
                "functions": [
                {
                    "function": "minecraft:set_count",
                    "count": {
                    "min": 6,
                    "max": 10
                    }
                }
                ]
            },
            {
                "type": "minecraft:item",
                "name": "farmersdelight:sweet_berry_cookie",
                "functions": [
                {
                    "function": "minecraft:set_count",
                    "count": {
                    "min": 6,
                    "max": 10
                    }
                }
                ]
            },
            {
                "type": "minecraft:item",
                "name": "farmersdelight:melon_popsicle",
                "functions": [
                {
                    "function": "minecraft:set_count",
                    "count": {
                    "min": 4,
                    "max": 8
                    }
                }
                ]
            },
            {
                "type": "minecraft:item",
                "name": "farmersdelight:cake_slice",
                "functions": [
                {
                    "function": "minecraft:set_count",
                    "count": {
                    "min": 6,
                    "max": 10
                    }
                }
                ]
            },
            {
                "type": "minecraft:item",
                "name": "farmersdelight:chocolate_pie_slice",
                "functions": [
                {
                    "function": "minecraft:set_count",
                    "count": {
                    "min": 4,
                    "max": 8
                    }
                }
                ]
            },
            {
                "type": "minecraft:item",
                "name": "farmersdelight:sweet_berry_cheesecake_slice",
                "functions": [
                {
                    "function": "minecraft:set_count",
                    "count": {
                    "min": 4,
                    "max": 8
                    }
                }
                ]
            },
            {
                "type": "minecraft:item",
                "name": "farmersdelight:apple_pie_slice",
                "functions": [
                {
                    "function": "minecraft:set_count",
                    "count": {
                    "min": 4,
                    "max": 8
                    }
                }
                ]
            }
        ]
      }
    ]
}