{
	"parent": "item/handheld_rod",
	"textures": {
		"layer0": "item/carrot_on_a_stick"
	},
	"overrides": [
		{ "predicate": { "damage": 0 }, "model": "item/carrot_on_a_stick" },
		{ "predicate": { "damaged": 0, "damage": 0.04 }, "model": "item/button" },
		{ "predicate": { "damaged": 0, "damage": 0.08 }, "model": "item/platform_wand" },
		{ "predicate": { "damaged": 0, "damage": 0.12 }, "model": "item/condenser" },
        { "predicate": { "damaged": 0, "damage": 0.16 }, "model": "item/radio" },
        { "predicate": { "damaged": 0, "damage": 0.20 }, "model": "item/magic_carpet" },
		{ "predicate": { "damaged": 0, "damage": 0.24 }, "model": "item/d6" },
		{ "predicate": { "damaged": 1 }, "model": "item/carrot_on_a_stick" }
	]
}